{
  "trades2023MFsCoin.csv": 1767240808.1771147,
  "tradesConfluent.csv": 1767240808.1778412,
  "trades2022To2025EquityGrow.csv": 1767240808.1764631,
  "trades2025EquityKite.csv": 1767240808.1776125,
  "trades2026EquityKite.csv": 1767283304.7543545,
  "trades2025SVsUS.csv": 1767240808.1777647,
  "trades2024MFsCoin.csv": 1767240808.1774356,
  "trades2023EquityKite.csv": 1767240808.1769893,
  "trades2022To2025MFsGrow.csv": 1767240808.17654,
  "trades2022MFsCoin.csv": 1767240808.1763718,
  "trades2024EquityKite.csv": 1767240808.1773212,
  "trades2025MFsCoin.csv": 1767240808.1776874,
  "trades2025AnushasUS.csv": 1767240808.1775124,
  "SGBs.csv": 1767240808.1760225
}