{
  "trades2023MFsCoin.csv": 1767138251.3060222,
  "tradesConfluent.csv": 1767138251.3071103,
  "trades2022To2025EquityGrow.csv": 1767138251.3053691,
  "trades2025EquityKite.csv": 1767183540.644474,
  "trades2025SVsUS.csv": 1767138251.3069916,
  "trades2024MFsCoin.csv": 1767138251.3064506,
  "trades2023EquityKite.csv": 1767138333.543936,
  "trades2022To2025MFsGrow.csv": 1767138251.3055124,
  "trades2022MFsCoin.csv": 1767138251.305213,
  "trades2024EquityKite.csv": 1767138251.3062792,
  "trades2025MFsCoin.csv": 1767138251.3068666,
  "trades2025AnushasUS.csv": 1767138251.3065853,
  "SGBs.csv": 1767138251.3040857
}